"","Basal_scRNA","Atypical_scRNA","Classical_scRNA","Basal_bulk","Atypical_bulk","Classical_bulk","Basal_scoring","Atypical_scoring","Classical_scoring","sample"
"S58T",-0.484817267979845,0.0708077808293573,0.197840385681164,-0.270449839764261,0.00483803453563511,0.299155096592368,0.0333749952581938,0.166443997046791,0.241977213101489,"S58T"
"S42T",0.575127837526841,-0.201952354536329,0.272309065909364,-0.148822440011187,0.342967877988844,0.0877363480012871,0.70931894351773,0.0696889217123965,0.178813934803017,"S42T"
"S51T",-0.460972492101882,0.242025391552376,0.0681094943007662,-0.372980786033944,0.10748439075146,0.0152782972803562,0.0088509942386399,0.2736567192903,0.133557193392756,"S51T"
"S56L",-0.395625345001422,0.300783603202654,-0.127347322144645,-0.332285615910982,0.272762935114726,-0.0799872236898219,0.0156410521010877,0.206291777120584,0.0740692083991732,"S56L"
"S37T",-0.165703862480754,0.0546177177808141,-0.387273050063319,0.0113422756001678,0.180597254322007,-0.237228865556479,0.227270724617219,0.349583172058081,0.0513403414635096,"S37T"
"S46T",0.10826351817915,0.273783160441691,0.407626534269018,0.0337235148483839,0.292813434547353,0.119393643866577,0.310221664000161,0.212264210469492,0.404407384981586,"S46T"
"S49T",0.579706615994571,-0.419839137019282,-0.225055855992481,0.599764068815254,-0.453425485709911,-0.137272205731248,0.772805353938948,0.0320018778461387,0.0255351281291289,"S49T"
"S56T",0.15818792227391,-0.370037062039429,-0.15272793063451,0.152256997977509,-0.461274355340002,-0.131383510416604,0.176478041118121,0.0509628660873359,0.0550309962052789,"S56T"
